timestamp,lat,lon,speed_kmh
2025-03-08T16:57:50,43.26002569869161,-79.92025751620531,232.3296
2025-03-08T16:57:51,43.26007766649127,-79.92035524919629,7.138800000000001
2025-03-08T16:57:52,43.26004598289728,-79.9203428439796,7.138800000000001
2025-03-08T16:57:53,43.2600174844265,-79.92036991752684,0.684
2025-03-08T16:57:54,43.260009018704295,-79.92033370770514,0.9072
2025-03-08T16:57:55,43.25998772867024,-79.92032901383936,0.5976
2025-03-08T16:57:56,43.26004832983017,-79.92033471353352,1.8756000000000002
2025-03-08T16:57:57,43.26004137285054,-79.9203320313245,1.8756000000000002
2025-03-08T16:57:58,43.260047659277916,-79.9203222244978,1.8756000000000002
2025-03-08T16:57:59,43.260050006210804,-79.92030747234821,0.36000000000000004
2025-03-08T16:58:00,43.26003743335605,-79.92030596360564,1.0872
2025-03-08T16:58:01,43.26002301648259,-79.92031962610781,0.8064
2025-03-08T16:58:02,43.26000734232366,-79.9203164409846,0.6984
2025-03-08T16:58:03,43.25998588465154,-79.92032272741199,0.8064
2025-03-08T16:58:04,43.25998588465154,-79.92032272741199,0.8064
2025-03-08T16:58:05,43.259988483041525,-79.9203251581639,1.1916
2025-03-08T16:58:06,43.25999082997441,-79.9203251581639,1.1916
2025-03-08T16:58:07,43.259995859116316,-79.92032255977392,0.7595999999999999
2025-03-08T16:58:08,43.26000046916306,-79.92031870409846,0.7020000000000001
2025-03-08T16:58:09,43.26000046916306,-79.92031870409846,0.0
2025-03-08T16:58:10,43.26000046916306,-79.92031870409846,0.0
2025-03-08T16:58:11,43.26000046916306,-79.92031870409846,0.0
2025-03-08T16:58:12,43.26000046916306,-79.92031870409846,0.0
2025-03-08T16:58:13,43.26000046916306,-79.92031870409846,0.0
2025-03-08T16:58:14,43.26004740782082,-79.9203476216644,2.2644
2025-03-08T16:58:15,43.260064758360386,-79.92034552618861,2.4192
2025-03-08T16:58:16,43.2600587233901,-79.92034452036023,0.0
2025-03-08T16:58:17,43.2600587233901,-79.92034452036023,0.0
2025-03-08T16:58:18,43.2600587233901,-79.92034452036023,0.0
2025-03-08T16:58:19,43.2600587233901,-79.92034452036023,0.0
2025-03-08T16:58:20,43.2600587233901,-79.92034452036023,0.0
2025-03-08T16:58:21,43.2600587233901,-79.92034452036023,0.0
2025-03-08T16:58:22,43.2600587233901,-79.92034452036023,0.0
2025-03-08T16:58:23,43.2600587233901,-79.92034452036023,0.0
2025-03-08T16:58:24,43.2600587233901,-79.92034452036023,0.0
2025-03-08T16:58:25,43.2600587233901,-79.92034452036023,0.0
2025-03-08T16:58:26,43.2600587233901,-79.92034452036023,0.0
2025-03-08T16:58:27,43.2600587233901,-79.92034452036023,0.0
2025-03-08T16:58:28,43.2600587233901,-79.92034452036023,0.0
2025-03-08T16:58:29,43.2600587233901,-79.92034452036023,0.0
2025-03-08T16:58:30,43.2600587233901,-79.92034452036023,0.0
2025-03-08T16:58:31,43.2600587233901,-79.92034452036023,0.0
2025-03-08T16:58:32,43.2600587233901,-79.92034452036023,0.0
2025-03-08T16:58:33,43.2600587233901,-79.92034452036023,0.0
2025-03-08T16:58:34,43.2600587233901,-79.92034452036023,0.0
2025-03-08T16:58:35,43.2600587233901,-79.92034452036023,0.0
2025-03-08T16:58:36,43.2600587233901,-79.92034452036023,0.0
2025-03-08T16:58:37,43.2600587233901,-79.92034452036023,0.0
2025-03-08T16:58:38,43.2600587233901,-79.92034452036023,0.0
2025-03-08T16:58:39,43.2600587233901,-79.92034452036023,0.0
2025-03-08T16:58:40,43.2600587233901,-79.92034452036023,0.0
2025-03-08T16:58:41,43.2600587233901,-79.92034452036023,0.0
2025-03-08T16:58:42,43.2600587233901,-79.92034452036023,0.0
2025-03-08T16:58:43,43.2600587233901,-79.92034452036023,0.0
2025-03-08T16:58:44,43.2600587233901,-79.92034452036023,0.0
2025-03-08T16:58:45,43.2600587233901,-79.92034452036023,0.0
2025-03-08T16:58:46,43.2600587233901,-79.92034452036023,0.0
2025-03-08T16:58:47,43.2600587233901,-79.92034452036023,0.0
2025-03-08T16:58:47,43.2600587233901,-79.92034452036023,0.0
2025-03-08T16:58:48,43.2600587233901,-79.92034452036023,0.0
2025-03-08T16:58:49,43.2600587233901,-79.92034452036023,0.0
2025-03-08T16:58:50,43.2600587233901,-79.92034452036023,0.0
2025-03-08T16:58:51,43.2600587233901,-79.92034452036023,0.0
2025-03-08T16:58:52,43.2600587233901,-79.92034452036023,0.0
2025-03-08T16:58:53,43.2600587233901,-79.92034452036023,0.0
2025-03-08T16:58:54,43.2600587233901,-79.92034452036023,0.0
2025-03-08T16:58:55,43.2600587233901,-79.92034452036023,0.0
2025-03-08T16:58:56,43.2600587233901,-79.92034452036023,0.0
2025-03-08T16:58:57,43.2600587233901,-79.92034452036023,0.0
2025-03-08T16:58:58,43.2600587233901,-79.92034452036023,0.0
2025-03-08T16:58:59,43.2600587233901,-79.92034452036023,0.0
2025-03-08T16:59:00,43.2600587233901,-79.92034452036023,0.0
2025-03-08T16:59:01,43.2600587233901,-79.92034452036023,0.0
2025-03-08T16:59:02,43.2600587233901,-79.92034452036023,0.0
2025-03-08T16:59:03,43.2600587233901,-79.92034452036023,0.0
2025-03-08T16:59:04,43.2600587233901,-79.92034452036023,0.0
2025-03-08T16:59:05,43.2600587233901,-79.92034452036023,0.0
2025-03-08T16:59:06,43.2600587233901,-79.92034452036023,0.0
2025-03-08T16:59:07,43.2600587233901,-79.92034452036023,0.0
2025-03-08T16:59:08,43.2600587233901,-79.92034452036023,0.0
2025-03-08T16:59:09,43.2600587233901,-79.92034452036023,0.0
2025-03-08T16:59:10,43.2600587233901,-79.92034452036023,0.0
2025-03-08T16:59:11,43.2600587233901,-79.92034452036023,0.0
2025-03-08T16:59:12,43.2600587233901,-79.92034452036023,0.0
2025-03-08T16:59:13,43.2600587233901,-79.92034452036023,0.0
2025-03-08T16:59:14,43.2600587233901,-79.92034452036023,0.0
2025-03-08T16:59:15,43.2600587233901,-79.92034452036023,0.0
2025-03-08T16:59:16,43.2600587233901,-79.92034452036023,0.0
2025-03-08T16:59:17,43.2600587233901,-79.92034452036023,0.0
2025-03-08T16:59:18,43.2600587233901,-79.92034452036023,0.0
2025-03-08T16:59:19,43.2600587233901,-79.92034452036023,0.0
2025-03-08T16:59:20,43.2600587233901,-79.92034452036023,0.0
2025-03-08T16:59:21,43.2600587233901,-79.92034452036023,0.0
2025-03-08T16:59:22,43.2600587233901,-79.92034452036023,0.0
2025-03-08T16:59:23,43.2600587233901,-79.92034452036023,0.0
2025-03-08T16:59:24,43.2600587233901,-79.92034452036023,0.0
2025-03-08T16:59:25,43.2600587233901,-79.92034452036023,0.0
2025-03-08T16:59:26,43.2600587233901,-79.92034452036023,0.0
2025-03-08T16:59:27,43.2600587233901,-79.92034452036023,0.0
2025-03-08T16:59:28,43.2600587233901,-79.92034452036023,0.0
2025-03-08T16:59:29,43.2600587233901,-79.92034452036023,0.0
2025-03-08T16:59:30,43.2600587233901,-79.92034452036023,0.0
2025-03-08T16:59:31,43.2600587233901,-79.92034452036023,0.0
2025-03-08T16:59:32,43.2600587233901,-79.92034452036023,0.0
2025-03-08T16:59:33,43.2600587233901,-79.92034452036023,0.0
2025-03-08T16:59:34,43.2600587233901,-79.92034452036023,0.0
2025-03-08T16:59:35,43.2600587233901,-79.92034452036023,0.0
2025-03-08T16:59:36,43.2600587233901,-79.92034452036023,0.0
2025-03-08T16:59:37,43.2600587233901,-79.92034452036023,0.0
2025-03-08T16:59:38,43.2600587233901,-79.92034452036023,0.0
2025-03-08T16:59:39,43.2600587233901,-79.92034452036023,0.0
2025-03-08T16:59:40,43.2600587233901,-79.92034452036023,0.0
2025-03-08T16:59:41,43.2600587233901,-79.92034452036023,0.0
2025-03-08T16:59:42,43.2600587233901,-79.92034452036023,0.0
2025-03-08T16:59:43,43.2600587233901,-79.92034452036023,0.0
2025-03-08T16:59:44,43.2600587233901,-79.92034452036023,0.0
2025-03-08T16:59:45,43.2600587233901,-79.92034452036023,0.0
2025-03-08T16:59:46,43.2600587233901,-79.92034452036023,0.0
2025-03-08T16:59:47,43.2600587233901,-79.92034452036023,0.0
2025-03-08T16:59:48,43.2600587233901,-79.92034452036023,0.0
2025-03-08T16:59:49,43.2600587233901,-79.92034452036023,0.0
2025-03-08T16:59:50,43.2600587233901,-79.92034452036023,0.0
2025-03-08T16:59:51,43.2600587233901,-79.92034452036023,0.0
2025-03-08T16:59:52,43.2600587233901,-79.92034452036023,0.0
2025-03-08T16:59:53,43.2600587233901,-79.92034452036023,0.0
2025-03-08T16:59:54,43.2600587233901,-79.92034452036023,0.0
2025-03-08T16:59:55,43.2600587233901,-79.92034452036023,0.0
2025-03-08T16:59:56,43.2600587233901,-79.92034452036023,0.0
2025-03-08T16:59:57,43.2600587233901,-79.92034452036023,0.0
2025-03-08T16:59:58,43.2600587233901,-79.92034452036023,0.0
2025-03-08T16:59:59,43.2600587233901,-79.92034452036023,0.0
2025-03-08T17:00:00,43.2600587233901,-79.92034452036023,0.0
2025-03-08T17:00:01,43.2600587233901,-79.92034452036023,0.0
2025-03-08T17:00:02,43.2600587233901,-79.92034452036023,0.0
2025-03-08T17:00:03,43.2600587233901,-79.92034452036023,0.0
2025-03-08T17:00:04,43.2600587233901,-79.92034452036023,0.0
2025-03-08T17:00:05,43.2600587233901,-79.92034452036023,0.0
2025-03-08T17:00:06,43.2600587233901,-79.92034452036023,0.0
2025-03-08T17:00:07,43.2600587233901,-79.92034452036023,0.0
2025-03-08T17:00:08,43.2600587233901,-79.92034452036023,0.0
2025-03-08T17:00:09,43.2600587233901,-79.92034452036023,0.0
2025-03-08T17:00:10,43.2600587233901,-79.92034452036023,0.0
2025-03-08T17:00:11,43.2600587233901,-79.92034452036023,0.0
2025-03-08T17:00:12,43.2600587233901,-79.92034452036023,0.0
2025-03-08T17:00:13,43.2600587233901,-79.92034452036023,0.0
2025-03-08T17:00:14,43.2600587233901,-79.92034452036023,0.0
2025-03-08T17:00:15,43.2600587233901,-79.92034452036023,0.0
2025-03-08T17:00:17,43.2600587233901,-79.92034452036023,0.0
2025-03-08T17:00:18,43.2600587233901,-79.92034452036023,0.0
2025-03-08T17:00:19,43.2600587233901,-79.92034452036023,0.0
2025-03-08T17:00:20,43.2600587233901,-79.92034452036023,0.0
2025-03-08T17:00:21,43.2600587233901,-79.92034452036023,0.0
2025-03-08T17:00:22,43.2600587233901,-79.92034452036023,0.0
2025-03-08T17:00:23,43.2600587233901,-79.92034452036023,0.0
2025-03-08T17:00:24,43.2600587233901,-79.92034452036023,0.0
2025-03-08T17:00:25,43.2600587233901,-79.92034452036023,0.0
2025-03-08T17:00:26,43.2600587233901,-79.92034452036023,0.0
2025-03-08T17:00:27,43.2600587233901,-79.92034452036023,0.0
2025-03-08T17:00:28,43.2600587233901,-79.92034452036023,0.0
2025-03-08T17:00:29,43.2600587233901,-79.92034452036023,0.0
2025-03-08T17:00:30,43.2600587233901,-79.92034452036023,0.0
2025-03-08T17:00:30,43.2600587233901,-79.92034452036023,0.0
2025-03-08T17:00:31,43.2600587233901,-79.92034452036023,0.0
2025-03-08T17:00:32,43.2600587233901,-79.92034452036023,0.0
2025-03-08T17:00:33,43.2600587233901,-79.92034452036023,0.0
2025-03-08T17:00:34,43.2600587233901,-79.92034452036023,0.0
2025-03-08T17:00:35,43.2600587233901,-79.92034452036023,0.0
2025-03-08T17:00:36,43.2600587233901,-79.92034452036023,0.0
2025-03-08T17:00:37,43.2600587233901,-79.92034452036023,0.0
2025-03-08T17:00:38,43.2600587233901,-79.92034452036023,0.0
2025-03-08T17:00:39,43.26010339893401,-79.92040646262467,0.1548
2025-03-08T17:00:40,43.2601070869714,-79.92040503770113,0.2916
2025-03-08T17:00:41,43.26010876335204,-79.92040562443435,0.48960000000000004
2025-03-08T17:00:42,43.26011194847524,-79.92040780372918,0.6264
2025-03-08T17:00:43,43.26011219993234,-79.92040771991014,0.0
2025-03-08T17:00:44,43.26011219993234,-79.92040771991014,0.0
2025-03-08T17:00:45,43.26011219993234,-79.92040771991014,0.0
2025-03-08T17:00:46,43.26011219993234,-79.92040771991014,0.0
2025-03-08T17:00:47,43.26011219993234,-79.92040771991014,0.0
2025-03-08T17:00:48,43.26011219993234,-79.92040771991014,0.0
2025-03-08T17:00:49,43.26011219993234,-79.92040771991014,0.0
2025-03-08T17:00:50,43.26011219993234,-79.92040771991014,0.0
2025-03-08T17:00:51,43.26011219993234,-79.92040771991014,0.0
2025-03-08T17:00:52,43.26011219993234,-79.92040771991014,0.0
2025-03-08T17:00:53,43.26011219993234,-79.92040771991014,0.0
2025-03-08T17:00:54,43.26011219993234,-79.92040771991014,0.0
2025-03-08T17:00:55,43.26011219993234,-79.92040771991014,0.0
2025-03-08T17:00:56,43.26011219993234,-79.92040771991014,0.0
2025-03-08T17:00:57,43.26011219993234,-79.92040771991014,0.0
2025-03-08T17:00:58,43.26011219993234,-79.92040771991014,0.0
2025-03-08T17:00:59,43.26011219993234,-79.92040771991014,0.0
2025-03-08T17:01:00,43.26011219993234,-79.92040771991014,0.0
2025-03-08T17:01:01,43.26011219993234,-79.92040771991014,0.0
2025-03-08T17:01:02,43.26002553105354,-79.92039883509278,1.1520000000000001
2025-03-08T17:01:03,43.260023184120655,-79.92040663026273,0.0
2025-03-08T17:01:04,43.260015305131674,-79.92041694000363,1.818
2025-03-08T17:01:05,43.26001505367458,-79.92041861638427,0.0
2025-03-08T17:01:06,43.26001186855137,-79.9204131681472,0.7236
2025-03-08T17:01:07,43.260008515790105,-79.92040880955756,1.0872
2025-03-08T17:01:08,43.26000147499144,-79.92040880955756,1.1088
2025-03-08T17:01:09,43.259989488869905,-79.92040989920497,1.08
2025-03-08T17:01:10,43.2599878963083,-79.92040160112083,0.0
2025-03-08T17:01:11,43.2599878963083,-79.92040160112083,0.0
2025-03-08T17:01:12,43.25997012667358,-79.92041694000363,0.9720000000000001
2025-03-08T17:01:13,43.25995688326657,-79.920425824821,0.774
2025-03-08T17:01:14,43.25994774699211,-79.9204274173826,0.0
2025-03-08T17:01:15,43.25994774699211,-79.9204274173826,0.0
2025-03-08T17:01:16,43.25994774699211,-79.9204274173826,0.0
2025-03-08T17:01:17,43.25994774699211,-79.9204274173826,0.0
2025-03-08T17:01:18,43.259921092540026,-79.92042850703001,0.4464
2025-03-08T17:01:19,43.259917655959725,-79.92041819728911,0.2844
2025-03-08T17:01:20,43.25991648249328,-79.9204131681472,0.37079999999999996
2025-03-08T17:01:21,43.259912710636854,-79.92040847428143,0.3996
2025-03-08T17:01:22,43.259914722293615,-79.92041668854654,1.8432000000000002
2025-03-08T17:01:23,43.25992654077709,-79.92044225335121,4.5216
2025-03-08T17:01:24,43.25992042198777,-79.92046228609979,5.0687999999999995
2025-03-08T17:01:25,43.25991975143552,-79.92049598135054,7.1496
2025-03-08T17:01:26,43.259930899366736,-79.92052582092583,7.6644000000000005
2025-03-08T17:01:27,43.25993056409061,-79.92056571878493,9.1836
2025-03-08T17:01:28,43.25994280166924,-79.92060947231948,10.4796
2025-03-08T17:01:29,43.25996082276106,-79.92068331688643,13.942800000000002
2025-03-08T17:01:30,43.25997272506356,-79.92075280286372,16.549200000000003
2025-03-08T17:01:31,43.25998496264219,-79.92082958109677,17.9064
2025-03-08T17:01:32,43.25999954715371,-79.92090434767306,18.6048
2025-03-08T17:01:33,43.26000449247658,-79.9209813773632,19.7424
2025-03-08T17:01:34,43.26000985689461,-79.92105807177722,20.4192
2025-03-08T17:01:35,43.26001890935004,-79.92113711312413,20.6784
2025-03-08T17:01:36,43.2600227650255,-79.9212110415101,20.4444
2025-03-08T17:01:37,43.26002821326256,-79.92129670456052,22.41
2025-03-08T17:01:38,43.26003131456673,-79.92136962711811,22.0608
2025-03-08T17:01:39,43.26003558933735,-79.92145193740726,22.4064
2025-03-08T17:01:40,43.260043216869235,-79.92152133956552,21.769199999999998
2025-03-08T17:01:41,43.26004992239177,-79.9216000456363,21.985200000000003
2025-03-08T17:01:42,43.26004011556506,-79.92166341282427,21.3408
2025-03-08T17:01:43,43.26004137285054,-79.92173901759088,21.3336
2025-03-08T17:01:44,43.26005134731531,-79.92181956768036,22.2228
2025-03-08T17:01:45,43.2600587233901,-79.92189852520823,22.723200000000002
2025-03-08T17:01:46,43.260063668712974,-79.92199977859855,24.5016
2025-03-08T17:01:47,43.260059393942356,-79.92209600284696,24.8076
2025-03-08T17:01:48,43.260047072544694,-79.92221100255847,27.2556
2025-03-08T17:01:49,43.26003550551832,-79.92231175303459,27.568800000000003
2025-03-08T17:01:50,43.260033410042524,-79.92238702252507,25.0812
2025-03-08T17:01:51,43.260030979290605,-79.92245768196881,22.0716
2025-03-08T17:01:52,43.26002980582416,-79.92252490483224,19.692
2025-03-08T17:01:53,43.26002846471965,-79.92257167585194,15.9624
2025-03-08T17:01:54,43.26002930290997,-79.92260218597949,11.718
2025-03-08T17:01:55,43.260032404214144,-79.92263277992606,9.324
2025-03-08T17:01:56,43.26003600843251,-79.92265230976045,6.9156
2025-03-08T17:01:57,43.260035421699286,-79.92266437970102,3.3768
2025-03-08T17:01:58,43.26003357768059,-79.92266303859651,1.8
2025-03-08T17:01:59,43.2600328233093,-79.92266069166362,0.7668
2025-03-08T17:02:00,43.26003064401448,-79.92265759035945,0.26639999999999997
2025-03-08T17:02:01,43.26003232039511,-79.92265147157013,0.1044
2025-03-08T17:02:02,43.26003357768059,-79.92265868000686,1.8900000000000001
2025-03-08T17:02:03,43.2600365113467,-79.92269665002823,6.6744
2025-03-08T17:02:04,43.26004640199244,-79.92274166084826,10.1088
2025-03-08T17:02:05,43.26005863957107,-79.92278004996479,10.8252
2025-03-08T17:02:06,43.26008252799511,-79.92281693033874,12.186
2025-03-08T17:02:07,43.260114546865225,-79.92284970358014,13.971599999999999
2025-03-08T17:02:09,43.2601557020098,-79.9228659644723,15.1632
2025-03-08T17:02:10,43.260199623182416,-79.92287694476545,15.8436
2025-03-08T17:02:11,43.26024681329727,-79.92287870496511,16.855200000000004
2025-03-08T17:02:12,43.260298697277904,-79.9228913616389,19.0044
2025-03-08T17:02:13,43.26034965924919,-79.92289965972304,20.8332
2025-03-08T17:02:14,43.2604144513607,-79.92290846072137,23.8428
2025-03-08T17:02:15,43.26047723181546,-79.92290200665593,25.3332
2025-03-08T17:02:16,43.260553842410445,-79.92291416041553,27.6552
2025-03-08T17:02:17,43.26063816435635,-79.9229275714606,30.571200000000005
2025-03-08T17:02:18,43.26072215102613,-79.92294391617179,32.3316
2025-03-08T17:02:19,43.26081611216068,-79.92295322008431,33.4944
2025-03-08T17:02:20,43.260898841544986,-79.92297082208097,32.8932
2025-03-08T17:02:21,43.26096899807453,-79.92299563251436,31.0032
2025-03-08T17:02:22,43.2610450219363,-79.92301222868264,30.1176
2025-03-08T17:02:23,43.26113848015666,-79.92302949540317,32.3964
2025-03-08T17:02:24,43.261228669434786,-79.92303779348731,33.372
2025-03-08T17:02:25,43.26130695641041,-79.92304776795208,32.727599999999995
2025-03-08T17:02:26,43.261381555348635,-79.92306469939649,31.7664
2025-03-08T17:02:27,43.26145900413394,-79.92308204993606,31.507200000000005
2025-03-08T17:02:28,43.26153653673828,-79.92308892309666,31.1292
2025-03-08T17:02:29,43.261613734066486,-79.92309336550534,30.7512
2025-03-08T17:02:30,43.261689338833094,-79.92308909073472,30.351599999999998
2025-03-08T17:02:31,43.26177282258868,-79.92308364249766,30.639599999999998
2025-03-08T17:02:32,43.26183769851923,-79.92306654341519,28.7892
2025-03-08T17:02:33,43.26189050450921,-79.92305254563689,25.1208
2025-03-08T17:02:34,43.26193006709218,-79.92304215207696,20.714399999999998
2025-03-08T17:02:35,43.26196133159101,-79.92302547208965,16.7832
2025-03-08T17:02:36,43.26199066825211,-79.92301826365292,14.392800000000001
2025-03-08T17:02:37,43.2620186638087,-79.92301382124424,12.5856
2025-03-08T17:02:37,43.26204255223274,-79.92300351150334,11.4588
2025-03-08T17:02:38,43.26207356527448,-79.9230004940182,11.9484
2025-03-08T17:02:39,43.26211312785745,-79.92299135774374,13.510800000000001
2025-03-08T17:02:40,43.26214782893658,-79.92300041019917,14.04
2025-03-08T17:02:41,43.262183954939246,-79.9230089597404,13.158
2025-03-08T17:02:42,43.26221748255193,-79.92301030084491,11.5884
2025-03-08T17:02:43,43.26224271208048,-79.92300434969366,7.956
2025-03-08T17:02:44,43.262262074276805,-79.92299772799015,6.0767999999999995
2025-03-08T17:02:45,43.262276742607355,-79.92299739271402,2.988
2025-03-08T17:02:46,43.26229551807046,-79.922999991104,3.2256
2025-03-08T17:02:47,43.262322172522545,-79.92300954647362,5.3604
2025-03-08T17:02:48,43.262360226362944,-79.92301675491035,8.1972
2025-03-08T17:02:49,43.26239149086177,-79.92301298305392,9.3276
2025-03-08T17:02:50,43.262432059273124,-79.92300753481686,11.4156
2025-03-08T17:02:51,43.26248377561569,-79.92301650345325,15.3396
2025-03-08T17:02:52,43.2625353243202,-79.92300560697913,17.9496
2025-03-08T17:02:53,43.26259441673756,-79.92299395613372,20.1672
2025-03-08T17:02:54,43.26266901567578,-79.92301633581519,23.8968
2025-03-08T17:02:55,43.262745374813676,-79.92303242906928,25.9128
2025-03-08T17:02:56,43.26281234622002,-79.92306151427329,25.948800000000002
2025-03-08T17:02:57,43.262881664559245,-79.92308448068798,26.4636
2025-03-08T17:02:58,43.26295534148812,-79.92309227585793,26.996399999999998
2025-03-08T17:02:59,43.263023821637034,-79.92311147041619,26.8092
2025-03-08T17:03:00,43.26308668591082,-79.9231194332242,25.38
2025-03-08T17:03:01,43.26315994374454,-79.92311289533973,25.3296
2025-03-08T17:03:02,43.26319372281432,-79.92311482317746,19.7532
2025-03-08T17:03:03,43.26320336200297,-79.9231334310025,12.884400000000001
2025-03-08T17:03:04,43.26320243999362,-79.92313862778246,6.2172
2025-03-08T17:03:05,43.263196824118495,-79.92313929833472,2.0844
2025-03-08T17:03:06,43.263218281790614,-79.9231490213424,5.3928
2025-03-08T17:03:07,43.26325130648911,-79.92317433468997,9.7668
2025-03-08T17:03:08,43.263289108872414,-79.92321372963488,13.2372
2025-03-08T17:03:09,43.26333286240697,-79.92327231913805,16.797600000000003
2025-03-08T17:03:10,43.26337016187608,-79.92333635687828,18.349200000000003
2025-03-08T17:03:11,43.26340419240296,-79.92340240627527,19.4436
2025-03-08T17:03:12,43.26342715881765,-79.9234770052135,20.3832
2025-03-08T17:03:13,43.26344300061464,-79.92356082424521,21.3732
2025-03-08T17:03:14,43.263446018099785,-79.9236477445811,22.788
2025-03-08T17:03:15,43.26343160122633,-79.92374732159078,24.775199999999998
2025-03-08T17:03:16,43.26342070475221,-79.92384882643819,26.8056
2025-03-08T17:03:17,43.263412322849035,-79.92394722998142,28.159200000000002
2025-03-08T17:03:18,43.26340612024069,-79.92405745200813,29.847600000000003
2025-03-08T17:03:19,43.26340042054653,-79.9241744633764,31.7052
2025-03-08T17:03:20,43.26339430175722,-79.924292312935,32.91480000000001
2025-03-08T17:03:21,43.2633865904063,-79.92440748028457,33.224399999999996
2025-03-08T17:03:22,43.26337980106473,-79.92452398873866,33.7968
2025-03-08T17:03:23,43.26337183825672,-79.92464661598206,34.7112
2025-03-08T17:03:24,43.26335691846907,-79.92477921769023,36.1908
2025-03-08T17:03:25,43.26334208250046,-79.92490880191326,36.781200000000005
2025-03-08T17:03:26,43.26332179829478,-79.92504366673529,37.386
2025-03-08T17:03:27,43.26330947689712,-79.92516838945448,36.928799999999995
2025-03-08T17:03:28,43.26330034062266,-79.92529177106917,36.8784
2025-03-08T17:03:29,43.26329296454787,-79.92541984654963,36.586800000000004
2025-03-08T17:03:30,43.26327712275088,-79.92554247379303,35.982
2025-03-08T17:03:31,43.26325532980263,-79.92565588094294,35.2872
2025-03-08T17:03:32,43.26322976499796,-79.92576819844544,34.7328
2025-03-08T17:03:33,43.26320285908878,-79.92588453926146,34.7112
2025-03-08T17:03:34,43.26317419297993,-79.92598713375628,33.879599999999996
2025-03-08T17:03:35,43.263106970116496,-79.92608243599534,34.3836
2025-03-08T17:03:36,43.26302348636091,-79.92617103271186,36.45
2025-03-08T17:03:37,43.262937823310494,-79.92625527083874,37.5552
2025-03-08T17:03:38,43.26285601593554,-79.92632701992989,37.4328
2025-03-08T17:03:39,43.26278627850115,-79.92639105767012,35.5572
2025-03-08T17:03:40,43.2627234980464,-79.92647764272988,34.7076
2025-03-08T17:03:41,43.262675972655416,-79.92658660747111,34.0704
2025-03-08T17:03:42,43.26264001429081,-79.92670965380967,35.053200000000004
2025-03-08T17:03:43,43.2626127731055,-79.9268463626504,36.8424
2025-03-08T17:03:44,43.262597266584635,-79.92697921581566,37.800000000000004
2025-03-08T17:03:45,43.26258863322437,-79.9271101411432,37.89
2025-03-08T17:03:46,43.262593830004334,-79.92725330404937,38.890800000000006
2025-03-08T17:03:47,43.26259181834757,-79.92738699540496,37.8936
2025-03-08T17:03:48,43.262584609910846,-79.92751716636121,37.872
2025-03-08T17:03:49,43.26257463544607,-79.92765437811613,38.098800000000004
2025-03-08T17:03:50,43.262568013742566,-79.92778412997723,38.0772
2025-03-08T17:03:51,43.262561643496156,-79.9278992973268,36.2556
2025-03-08T17:03:52,43.26255418360233,-79.92801404558122,34.5708
2025-03-08T17:03:53,43.26255166903138,-79.928127117455,33.4188
2025-03-08T17:03:54,43.26254823245108,-79.92823482491076,30.8448
2025-03-08T17:03:55,43.262539599090815,-79.92829802446067,23.230800000000002
2025-03-08T17:03:56,43.262544041499496,-79.92832576856017,15.400799999999998
2025-03-08T17:03:57,43.26254135929048,-79.92832912132144,7.7796
2025-03-08T17:03:58,43.262545969337225,-79.92832484655082,3.0096
2025-03-08T17:03:59,43.26254957355559,-79.92833557538688,3.9636
2025-03-08T17:04:00,43.262553764507174,-79.92836357094347,6.9768
2025-03-08T17:04:01,43.262556195259094,-79.92841176688671,10.7568
2025-03-08T17:04:02,43.262557201087475,-79.92847840301692,14.9796
2025-03-08T17:04:03,43.26255493797362,-79.9285486433655,17.258399999999998
2025-03-08T17:04:04,43.26254714280367,-79.92861360311508,17.8524
2025-03-08T17:04:05,43.2625316362828,-79.92869080044329,20.304
2025-03-08T17:04:06,43.262506406754255,-79.92875693365932,20.934
2025-03-08T17:04:07,43.262485871091485,-79.92882600054145,21.729599999999998
2025-03-08T17:04:08,43.26246013864875,-79.9289080593735,23.256
2025-03-08T17:04:09,43.26242879033089,-79.92897880263627,23.6664
2025-03-08T17:04:10,43.26239325106144,-79.92903957143426,22.7592
2025-03-08T17:04:11,43.26234824024141,-79.92909564636648,22.4604
2025-03-08T17:04:12,43.262301133945584,-79.92915063165128,22.77
2025-03-08T17:04:13,43.262261068448424,-79.92920888587832,22.1148
2025-03-08T17:04:15,43.26223441399634,-79.92925607599318,19.915200000000002
2025-03-08T17:04:16,43.262221505865455,-79.92928985506296,16.059600000000003
2025-03-08T17:04:17,43.26221689581871,-79.92933612316847,13.9212
2025-03-08T17:04:18,43.26221773400903,-79.92936797440052,11.501999999999999
2025-03-08T17:04:19,43.26223013922572,-79.92939622141421,10.645199999999999
2025-03-08T17:04:20,43.262227876111865,-79.92943586781621,11.4624
2025-03-08T17:04:21,43.26223541982472,-79.92946721613407,11.3076
2025-03-08T17:04:22,43.26224271208048,-79.92949521169066,9.72
2025-03-08T17:04:23,43.26224422082305,-79.92952656000853,9.4104
2025-03-08T17:04:24,43.26223508454859,-79.92956109344959,8.784
2025-03-08T17:04:25,43.26222871430218,-79.92959604598582,8.9568
2025-03-08T17:04:26,43.26221832074225,-79.92961892858148,8.0532
2025-03-08T17:04:27,43.262210274115205,-79.92964340373874,7.7076
2025-03-08T17:04:28,43.26220599934459,-79.92965966463089,6.573600000000001
2025-03-08T17:04:29,43.262197533622384,-79.92966519668698,4.8564
2025-03-08T17:04:30,43.26217892579734,-79.92967240512371,5.274
2025-03-08T17:04:31,43.262157551944256,-79.92968036793172,6.4475999999999996
2025-03-08T17:04:32,43.26213609427214,-79.92968782782555,7.344
2025-03-08T17:04:33,43.26210927218199,-79.92968522943556,8.4816
2025-03-08T17:04:34,43.26208898797631,-79.92969771847129,7.948800000000001
2025-03-08T17:04:35,43.26207239180803,-79.92972487583756,8.0424
2025-03-08T17:04:36,43.26206736266613,-79.9297717306763,9.4176
2025-03-08T17:04:37,43.26206744648516,-79.92981607094407,10.8432
2025-03-08T17:04:38,43.26206820085645,-79.92987499572337,13.2948
2025-03-08T17:04:39,43.26207121834159,-79.92992059327662,13.5396
2025-03-08T17:04:40,43.262066105380654,-79.92997474037111,14.741999999999999
2025-03-08T17:04:41,43.26206409372389,-79.93003064766526,15.764399999999998
2025-03-08T17:04:42,43.26206116005778,-79.93009242229164,16.938000000000002
2025-03-08T17:04:43,43.26205864548683,-79.93016651831567,20.2392
2025-03-08T17:04:44,43.26205520890653,-79.93025838397443,24.3792
2025-03-08T17:04:45,43.26204925775528,-79.93036768399179,28.4436
2025-03-08T17:04:46,43.26203542761505,-79.93049148470163,31.953599999999998
2025-03-08T17:04:47,43.262032410129905,-79.93060497567058,31.748400000000004
2025-03-08T17:04:48,43.26203995384276,-79.93069021962583,28.983600000000003
2025-03-08T17:04:49,43.262037942186,-79.93080312386155,31.122
2025-03-08T17:04:50,43.26201958581805,-79.9309213925153,33.5484
2025-03-08T17:04:51,43.262012880295515,-79.93104343302548,35.1756
2025-03-08T17:04:51,43.2620136346668,-79.93117829784751,37.332
2025-03-08T17:04:52,43.262006090953946,-79.93133017793298,40.348800000000004
2025-03-08T17:04:53,43.26197734102607,-79.93146613240242,38.952000000000005
2025-03-08T17:04:54,43.26193149201572,-79.93156746961176,35.4852
2025-03-08T17:04:55,43.26185789890587,-79.93164332583547,35.478
2025-03-08T17:04:56,43.26178656890988,-79.93169328197837,34.0164
2025-03-08T17:04:57,43.26171557419002,-79.9317263904959,31.680000000000003
2025-03-08T17:04:58,43.261649357154965,-79.93175136856735,28.8144
2025-03-08T17:04:59,43.26159093528986,-79.93175799027085,25.4088
2025-03-08T17:05:00,43.26153536327183,-79.93177249096334,23.180400000000002
2025-03-08T17:05:01,43.261486077681184,-79.93177961558104,20.5488
2025-03-08T17:05:02,43.261441653594375,-79.93178866803646,19.2708
2025-03-08T17:05:03,43.26139613986015,-79.9317813757807,18.032400000000003
2025-03-08T17:05:04,43.261356158182025,-79.9317745026201,16.8948
2025-03-08T17:05:05,43.26131919398904,-79.93176930584013,14.8788
2025-03-08T17:05:06,43.261298490688205,-79.9317586608231,11.7072
2025-03-08T17:05:07,43.26127049513161,-79.93175555951893,11.5092
2025-03-08T17:05:08,43.261233950033784,-79.9317607562989,12.5388
2025-03-08T17:05:09,43.26119598001242,-79.9317644443363,13.467600000000001
2025-03-08T17:05:10,43.26115105301142,-79.93176930584013,14.9544
2025-03-08T17:05:11,43.26111149042845,-79.93177123367786,14.490000000000002
2025-03-08T17:05:12,43.26108374632895,-79.93176980875432,12.132000000000001
2025-03-08T17:05:13,43.26106237247586,-79.93176888674498,10.3644
2025-03-08T17:05:14,43.26104334555566,-79.93176486343145,8.7984
2025-03-08T17:05:15,43.26102457009256,-79.9317673780024,7.772399999999999
2025-03-08T17:05:16,43.26099590398371,-79.9317731615156,8.708400000000001
2025-03-08T17:05:17,43.26097344048321,-79.93176058866084,8.6076
2025-03-08T17:05:18,43.260953994467854,-79.93174600414932,8.0604
2025-03-08T17:05:19,43.26094385236502,-79.93173401802778,6.4152000000000005
2025-03-08T17:05:20,43.260932955890894,-79.93170535191894,6.894
2025-03-08T17:05:21,43.26093161478639,-79.93167006410658,7.6968
2025-03-08T17:05:22,43.260924657806754,-79.93163670413196,8.8056
2025-03-08T17:05:23,43.26092113740742,-79.931586580351,10.774799999999999
2025-03-08T17:05:24,43.260929519310594,-79.93154198862612,11.700000000000001
2025-03-08T17:05:25,43.26093236915767,-79.93149882182479,12.261600000000001
2025-03-08T17:05:26,43.26093211770058,-79.93144584819674,13.698
2025-03-08T17:05:27,43.260934464633465,-79.9313880968839,15.2352
2025-03-08T17:05:28,43.26094921678305,-79.93132263422012,17.0928
2025-03-08T17:05:29,43.26096639968455,-79.93125339969993,18.720000000000002
2025-03-08T17:05:30,43.26097377575934,-79.93118299171329,18.968400000000003
2025-03-08T17:05:31,43.2609792239964,-79.93111761286855,19.062
2025-03-08T17:05:32,43.26097536832094,-79.93104594759643,19.1376
2025-03-08T17:05:33,43.26096841134131,-79.9309782218188,19.6992
2025-03-08T17:05:34,43.26097805052996,-79.93091158568859,19.872
2025-03-08T17:05:35,43.26096413657069,-79.93083564564586,19.6236
2025-03-08T17:05:36,43.26096321456134,-79.93075333535671,21.1716
2025-03-08T17:05:37,43.26093873940408,-79.93070170283318,18.021600000000003
2025-03-08T17:05:38,43.260904625058174,-79.93066834285855,15.3432
2025-03-08T17:05:39,43.26086908578873,-79.93066172115505,13.6656
2025-03-08T17:05:40,43.260839246213436,-79.93066859431565,12.1572
2025-03-08T17:05:41,43.26080957427621,-79.93068963289261,13.6908
2025-03-08T17:05:42,43.260769760236144,-79.9307192210108,16.491600000000002
2025-03-08T17:05:43,43.26073975302279,-79.93076481856406,17.456400000000002
2025-03-08T17:05:44,43.26070547103882,-79.93082365952432,19.7208
2025-03-08T17:05:45,43.26067236252129,-79.9308801535517,20.9664
2025-03-08T17:05:46,43.2606528326869,-79.93095559068024,22.723200000000002
2025-03-08T17:05:47,43.26063162647188,-79.93105173110962,25.6428
2025-03-08T17:05:48,43.26061922125518,-79.93115365505219,27.759600000000002
2025-03-08T17:05:49,43.26062047854066,-79.93126421235502,29.1096
2025-03-08T17:05:50,43.26062089763582,-79.93136253207922,28.7136
2025-03-08T17:05:51,43.26062592677772,-79.93144987151027,27.3564
2025-03-08T17:05:52,43.26062701642513,-79.93152723647654,24.2784
2025-03-08T17:05:53,43.26063472777605,-79.93159437552094,22.6692
2025-03-08T17:05:54,43.26065216213465,-79.93164533749223,20.1132
2025-03-08T17:05:55,43.26068887487054,-79.93170090951025,21.3372
2025-03-08T17:05:56,43.26075391843915,-79.93173309601843,23.731199999999998
2025-03-08T17:05:57,43.26083455234766,-79.93175405077636,28.3536
2025-03-08T17:05:58,43.26092792674899,-79.93177441880107,32.882400000000004
2025-03-08T17:05:59,43.261028258129954,-79.93179185315967,37.065599999999996
2025-03-08T17:06:00,43.26112540438771,-79.9318056832999,38.2464
2025-03-08T17:06:01,43.26122925616801,-79.93179487064481,40.338
2025-03-08T17:06:02,43.26133478432894,-79.9317932780832,41.598
2025-03-08T17:06:03,43.26144291087985,-79.93179755285382,42.0264
2025-03-08T17:06:04,43.26152899302542,-79.9317620974034,36.864000000000004
2025-03-08T17:06:05,43.26159965246916,-79.93166671134531,36.6084
2025-03-08T17:06:06,43.26164717786014,-79.93154148571193,38.0088
2025-03-08T17:06:07,43.26167592778802,-79.93140276521444,39.8772
2025-03-08T17:06:08,43.26168674044311,-79.93125725537539,41.1372
2025-03-08T17:06:09,43.26167106628418,-79.93111208081245,42.1704
2025-03-08T17:06:10,43.26165245845914,-79.93096875026822,42.9228
2025-03-08T17:06:11,43.2616320066154,-79.93082047440112,44.226
2025-03-08T17:06:12,43.26162362471223,-79.93065996095538,45.802800000000005
2025-03-08T17:06:13,43.26162563636899,-79.93049525655806,46.738800000000005
2025-03-08T17:06:14,43.26163393445313,-79.93033365346491,47.1924
2025-03-08T17:06:15,43.261644495651126,-79.93016752414405,47.862
2025-03-08T17:06:16,43.26167257502675,-79.93000835180283,47.736
2025-03-08T17:06:17,43.26171347871423,-79.92986300960183,44.333999999999996
2025-03-08T17:06:18,43.26176351867616,-79.92976184003055,37.854000000000006
2025-03-08T17:06:19,43.26181858778,-79.92969201877713,32.5728
2025-03-08T17:06:21,43.261871729046106,-79.92963686585426,28.2456
2025-03-08T17:06:22,43.2619237806648,-79.92959219031036,25.502399999999998
2025-03-08T17:06:23,43.26196912676096,-79.92957450449467,21.3516
2025-03-08T17:06:24,43.2620154786855,-79.92958045564592,18.460800000000003
2025-03-08T17:06:25,43.26203500851989,-79.92962630465627,14.2812
2025-03-08T17:06:26,43.26204129494727,-79.92967575788498,13.698
2025-03-08T17:06:27,43.26205076649785,-79.92974775843322,18.1224
2025-03-08T17:06:28,43.26205177232623,-79.92986393161118,25.2648
2025-03-08T17:06:29,43.262050934135914,-79.92999150417745,30.8916
2025-03-08T17:06:30,43.262045066803694,-79.93012804538012,35.1504
2025-03-08T17:06:31,43.26203760690987,-79.93027011863887,38.3472
2025-03-08T17:06:32,43.26203257776797,-79.93041059933603,39.924
2025-03-08T17:06:33,43.262028051540256,-79.93055845610797,41.6736
2025-03-08T17:06:34,43.26202838681638,-79.93072039447725,44.3196
2025-03-08T17:06:35,43.262028470635414,-79.93088618852198,46.9476
2025-03-08T17:06:36,43.26203274540603,-79.93103857152164,46.3248
2025-03-08T17:06:37,43.262036349624395,-79.9311959836632,46.7352
2025-03-08T17:06:38,43.26202888973057,-79.93135314434767,46.3464
2025-03-08T17:06:39,43.26198563911021,-79.93149270303547,44.650800000000004
2025-03-08T17:06:40,43.26191145926714,-79.93161608465016,44.6436
2025-03-08T17:06:41,43.26181020587683,-79.93169990368187,44.7588
2025-03-08T17:06:42,43.26169109903276,-79.93176293559372,47.0484
2025-03-08T17:06:43,43.261568220332265,-79.93179361335933,48.5604
2025-03-08T17:06:44,43.261447520926595,-79.93179772049189,48.5208
2025-03-08T17:06:45,43.261322882026434,-79.93179453536868,49.212
2025-03-08T17:06:46,43.26119824312627,-79.93179009296,49.356
2025-03-08T17:06:47,43.26107310131192,-79.93179386481643,48.9276
2025-03-08T17:06:48,43.260949132964015,-79.93178648874164,49.1652
2025-03-08T17:06:49,43.2608444429934,-79.93175740353763,45.6624
2025-03-08T17:06:50,43.26076724566519,-79.93169143795967,36.468
2025-03-08T17:06:51,43.2607477158308,-79.93160367943347,25.3368
2025-03-08T17:06:52,43.260724833235145,-79.93156369775534,18.529200000000003
2025-03-08T17:06:53,43.260703878477216,-79.93153025396168,15.966
2025-03-08T17:06:54,43.26070153154433,-79.93151860311627,12.6
2025-03-08T17:06:55,43.26068409718573,-79.93151684291661,10.4796
2025-03-08T17:06:56,43.26066884212196,-79.93151885457337,8.982000000000001
2025-03-08T17:06:57,43.26065191067755,-79.93152019567788,7.7543999999999995
2025-03-08T17:06:58,43.26068250462413,-79.93153310380876,1.6128
2025-03-08T17:06:59,43.26067102141678,-79.93151340633631,3.5604
2025-03-08T17:06:59,43.260672530159354,-79.93150938302279,2.9268
2025-03-08T17:07:00,43.26067227870226,-79.93151810020208,5.623200000000001
2025-03-08T17:07:01,43.26067286543548,-79.93151977658272,4.5
2025-03-08T17:07:02,43.260692059993744,-79.93152991868556,1.4040000000000001
2025-03-08T17:07:03,43.26069071888924,-79.9315501190722,0.3996
2025-03-08T17:07:04,43.260688707232475,-79.93155070580542,0.0
2025-03-08T17:07:05,43.260688707232475,-79.93155070580542,0.0
2025-03-08T17:07:06,43.260688707232475,-79.93155070580542,0.0
2025-03-08T17:07:07,43.260688707232475,-79.93155070580542,0.0
2025-03-08T17:07:08,43.260688707232475,-79.93155070580542,0.0
2025-03-08T17:07:09,43.26069633476436,-79.93156797252595,2.0412
2025-03-08T17:07:10,43.26070882380009,-79.9315691459924,2.7036000000000002
2025-03-08T17:07:11,43.26074654236436,-79.93155732750893,3.3120000000000003
2025-03-08T17:07:12,43.26074578799307,-79.9315585847944,1.6308
2025-03-08T17:07:13,43.260744446888566,-79.93154810741544,1.6776000000000002
2025-03-08T17:07:14,43.260744363069534,-79.9315485265106,0.9072
2025-03-08T17:07:15,43.26074603945017,-79.93155405856669,0.47880000000000006
2025-03-08T17:07:16,43.260746290907264,-79.93155925534666,0.4752
2025-03-08T17:07:17,43.26074654236436,-79.93156269192696,0.41400000000000003
2025-03-08T17:07:18,43.26074662618339,-79.93155749514699,0.3276
2025-03-08T17:07:19,43.260747799649835,-79.93154425173998,2.2680000000000002
2025-03-08T17:07:20,43.26074872165918,-79.9315445870161,2.5272
2025-03-08T17:07:21,43.26075232587755,-79.93154341354966,1.314
2025-03-08T17:07:22,43.26075576245785,-79.93154617957771,0.9612
2025-03-08T17:07:23,43.26075936667621,-79.93154793977737,0.9612
2025-03-08T17:07:24,43.26076380908489,-79.93155112490058,0.162
2025-03-08T17:07:25,43.26076414436102,-79.9315572436899,0.054
2025-03-08T17:07:26,43.26076623983681,-79.93155791424215,0.057600000000000005
2025-03-08T17:07:27,43.260768335312605,-79.93155774660408,0.5544
2025-03-08T17:07:28,43.2607736159116,-79.9315553996712,0.2268
2025-03-08T17:07:29,43.260776633396745,-79.93155657313764,0.1728
2025-03-08T17:07:30,43.260783003643155,-79.93155774660408,0.0756
2025-03-08T17:07:31,43.260784931480885,-79.93155690841377,0.432
2025-03-08T17:07:32,43.260779064148664,-79.93155439384282,4.1328
2025-03-08T17:07:33,43.260777639225125,-79.93155531585217,3.8592000000000004
2025-03-08T17:07:34,43.26077336445451,-79.93155900388956,7.282800000000001
2025-03-08T17:07:35,43.26077604666352,-79.93156009353697,1.8828
2025-03-08T17:07:36,43.260776633396745,-79.93156445212662,0.1728
2025-03-08T17:07:37,43.26077830977738,-79.93156487122178,0.0
2025-03-08T17:07:38,43.260781494900584,-79.9315670505166,0.7524
2025-03-08T17:07:39,43.26078610494733,-79.93157300166786,0.6876
2025-03-08T17:07:40,43.260786356404424,-79.93157819844782,0.1764
2025-03-08T17:07:41,43.260787865146995,-79.93157484568655,1.2168
2025-03-08T17:07:42,43.26078652404249,-79.93157492950559,0.81
2025-03-08T17:07:43,43.2607894577086,-79.93156981654465,1.0728
2025-03-08T17:07:44,43.260790798813105,-79.93157342076302,0.37079999999999996
2025-03-08T17:07:45,43.26079398393631,-79.93157300166786,1.062
2025-03-08T17:07:46,43.260793816298246,-79.93157375603914,0.0684
2025-03-08T17:07:47,43.26079398393631,-79.93157409131527,0.0
2025-03-08T17:07:48,43.26079641468823,-79.93157878518105,0.0432
2025-03-08T17:07:49,43.26079800724983,-79.93157543241978,0.07919999999999999
2025-03-08T17:07:50,43.26079783961177,-79.93157668970525,0.4068
2025-03-08T17:07:51,43.260804545134306,-79.93158155120909,0.0
2025-03-08T17:07:52,43.260804545134306,-79.93158155120909,0.0
2025-03-08T17:07:53,43.2607995159924,-79.93157811462879,0.2628
2025-03-08T17:07:54,43.26079725287855,-79.93157870136201,0.0828
2025-03-08T17:07:55,43.260794235393405,-79.9315794557333,0.28800000000000003
2025-03-08T17:07:56,43.2607894577086,-79.93157828226686,0.1908
2025-03-08T17:07:57,43.26078560203314,-79.93157694116235,1.5552
2025-03-08T17:07:58,43.26078216545284,-79.93157518096268,0.3816
2025-03-08T17:07:59,43.260781997814775,-79.93157484568655,0.0
2025-03-08T17:08:00,43.260781997814775,-79.93157484568655,0.0
2025-03-08T17:08:01,43.26078115962446,-79.93157819844782,0.0648
2025-03-08T17:08:02,43.26077965088189,-79.9315792042762,0.0828
2025-03-08T17:08:03,43.2607770524919,-79.9315826408565,0.4968000000000001
2025-03-08T17:08:04,43.26078124344349,-79.93158322758973,0.1044
2025-03-08T17:08:05,43.260782081633806,-79.93158222176135,0.5184
2025-03-08T17:08:06,43.26078141108155,-79.93158255703747,0.20520000000000002
2025-03-08T17:08:07,43.26078141108155,-79.93158255703747,0.0
2025-03-08T17:08:08,43.26078141108155,-79.93158255703747,0.0
2025-03-08T17:08:09,43.26078141108155,-79.93158255703747,0.0
2025-03-08T17:08:10,43.26078141108155,-79.93158255703747,0.0
2025-03-08T17:08:11,43.26078141108155,-79.93158255703747,0.0
2025-03-08T17:08:12,43.26078141108155,-79.93158255703747,0.0
2025-03-08T17:08:13,43.26078141108155,-79.93158255703747,0.0
2025-03-08T17:08:14,43.26078141108155,-79.93158255703747,0.0
2025-03-08T17:08:15,43.26078141108155,-79.93158255703747,0.0
2025-03-08T17:08:16,43.26078141108155,-79.93158255703747,0.0
2025-03-08T17:08:17,43.26078141108155,-79.93158255703747,0.0
2025-03-08T17:08:18,43.26077587902546,-79.93158808909357,0.1008
2025-03-08T17:08:19,43.26077504083514,-79.93158968165517,0.0
2025-03-08T17:08:20,43.26077504083514,-79.93158968165517,0.0
2025-03-08T17:08:21,43.26077504083514,-79.93158968165517,0.0
2025-03-08T17:08:22,43.26077504083514,-79.93158968165517,0.0
2025-03-08T17:08:23,43.26077504083514,-79.93158968165517,0.0
2025-03-08T17:08:24,43.26077504083514,-79.93158968165517,0.0
2025-03-08T17:08:25,43.26077504083514,-79.93158968165517,0.0
2025-03-08T17:08:26,43.26077504083514,-79.93158968165517,0.0
2025-03-08T17:08:27,43.26077504083514,-79.93158968165517,0.0
2025-03-08T17:08:28,43.26077504083514,-79.93158968165517,0.0
2025-03-08T17:08:29,43.26077504083514,-79.93158968165517,0.0
2025-03-08T17:08:30,43.26077009551227,-79.93159127421677,0.0
2025-03-08T17:08:31,43.26076313853264,-79.93159202858806,0.2808
2025-03-08T17:08:32,43.26076271943748,-79.93159186095,0.0
2025-03-08T17:08:33,43.26076271943748,-79.93159186095,0.0
2025-03-08T17:08:34,43.26076271943748,-79.93159186095,0.0
2025-03-08T17:08:35,43.26076271943748,-79.93159186095,0.0
2025-03-08T17:08:36,43.26076271943748,-79.93159186095,0.0
2025-03-08T17:08:37,43.26076271943748,-79.93159186095,0.0
2025-03-08T17:08:38,43.26076271943748,-79.93159186095,0.0
2025-03-08T17:08:39,43.26076271943748,-79.93159186095,0.0
2025-03-08T17:08:40,43.26076271943748,-79.93159186095,0.0
2025-03-08T17:08:41,43.26076271943748,-79.93159186095,0.0
2025-03-08T17:08:42,43.26076271943748,-79.93159186095,0.0
2025-03-08T17:08:43,43.26076271943748,-79.93159186095,0.0
2025-03-08T17:08:44,43.26076271943748,-79.93159186095,0.0
2025-03-08T17:08:45,43.26076271943748,-79.93159186095,0.0
2025-03-08T17:08:46,43.26076271943748,-79.93159186095,0.0
2025-03-08T17:08:47,43.260768838226795,-79.93158959783614,0.2628
2025-03-08T17:08:48,43.26077160425484,-79.93158750236034,0.3852
2025-03-08T17:08:49,43.260770849883556,-79.9315860774368,0.12600000000000003
2025-03-08T17:08:50,43.260770263150334,-79.93158205412328,0.8028000000000001
2025-03-08T17:08:51,43.26077001169324,-79.93158507160842,0.3996
2025-03-08T17:08:52,43.260769844055176,-79.9315863288939,0.41040000000000004
2025-03-08T17:08:53,43.2607701793313,-79.93159387260675,0.07919999999999999
2025-03-08T17:08:54,43.26076908968389,-79.9315966386348,0.6192
2025-03-08T17:08:55,43.260768838226795,-79.93159714154899,0.216
2025-03-08T17:08:56,43.26077160425484,-79.93159580044448,0.2376
2025-03-08T17:08:57,43.26076959259808,-79.93159923702478,0.0
2025-03-08T17:08:58,43.26076992787421,-79.93159915320575,0.1116
2025-03-08T17:08:59,43.26077395118773,-79.93159672245383,0.0
2025-03-08T17:09:00,43.26077428646386,-79.93159563280642,0.0
2025-03-08T17:09:01,43.26077629812062,-79.93160074576735,0.036000000000000004
2025-03-08T17:09:02,43.26077797450125,-79.93159789592028,0.0864
2025-03-08T17:09:03,43.260778058320284,-79.93159756064415,0.0
2025-03-08T17:09:04,43.260778058320284,-79.93159756064415,0.0
2025-03-08T17:09:05,43.26078183017671,-79.93159906938672,0.24120000000000003
2025-03-08T17:09:06,43.26077847741544,-79.93159353733063,1.0512
2025-03-08T17:09:07,43.260775627568364,-79.93159865029156,0.6120000000000001
2025-03-08T17:09:08,43.260775627568364,-79.9315987341106,0.0
2025-03-08T17:09:09,43.260775627568364,-79.9315987341106,0.0
2025-03-08T17:09:10,43.260775627568364,-79.9315987341106,0.0
2025-03-08T17:09:11,43.260775627568364,-79.9315987341106,0.0
2025-03-08T17:09:12,43.260775627568364,-79.9315987341106,0.0
2025-03-08T17:09:13,43.26077252626419,-79.93159244768322,0.6804
2025-03-08T17:09:14,43.26077059842646,-79.93158624507487,0.6948000000000001
2025-03-08T17:09:15,43.26077185571194,-79.93158406578004,0.0936
2025-03-08T17:09:16,43.260770766064525,-79.93158482015133,2.556
2025-03-08T17:09:17,43.260776633396745,-79.93157912045717,0.8208000000000001
2025-03-08T17:09:18,43.26077193953097,-79.93157685734332,0.3024
2025-03-08T17:09:19,43.260772693902254,-79.93157677352428,2.4768
2025-03-08T17:09:20,43.26078090816736,-79.93157660588622,1.9332000000000003
2025-03-08T17:09:21,43.26078367419541,-79.93157174438238,1.1052
2025-03-08T17:09:22,43.26077981851995,-79.93157719261944,0.1656
2025-03-08T17:09:23,43.260783003643155,-79.93157383985817,0.5004000000000001
2025-03-08T17:09:24,43.260784512385726,-79.93157199583948,0.3204
2025-03-08T17:09:25,43.26076892204583,-79.93156311102211,1.5191999999999999
